title,published,deadline,source,location,region,ville,experience,salary,work_mode,apply_email,apply_url,summary
Recrutement Twyford Tiles Cameroon (Keda Ceramics) juillet 2027 : plusieurs profils,2026-07-03T11:36:54.074000+01:00,,cameroondesks,Douala,Littoral,Douala,"Au moins 2 ans d'expérience dans la vente B2B ou B2B2C, incluant un minimum de 2 ans dans des foncti",,,mailto:cmhr-recrutement@twyfordtile.com,,"La marque de référence TWYFORD TILES CAMEROON (propulsée par la société KEDA CAMEROON CERAMICS LTD), leader incontournable dans la production et la distribution de carreaux de haute qualité au Cameroun, renforce ses équipes. Dans le cadre de l'expansion de ses activités industrielles et commerciales"
Recrutement chez Africa Global Logistics Cameroun 2026 : postes ouverts,2026-07-03T09:30:46.109000+01:00,,cameroondesks,,,,,,,,https://acareerbyagl.talent-soft.com/offre-de-emploi/emploi-responsable-des-interventions-informatiques-h-f_9979.aspx?fbclid=IwY2xjawSmDvFleHRuA2FlbQIxMABicmlkETE4UGVqQjRyejBST0RNell2c3J0YwZhcHBfaWQQMjIyMDM5MTc4ODIwMDg5MgABHoTTzeuSNoc4y2ltTuROLY3DmrTl-ufqPPFkmtJSf0arvpou_qGz_Jx_NczK_aem_lIAuuCTffGWZgMK-p8zGNg; https://acareerbyagl.talent-soft.com/offre-de-emploi/emploi-shipping-operations-performance-analyst-h-f_9835.aspx; https://acareerbyagl.talent-soft.com/offre-de-emploi/emploi-chef-departement-credit-management-h-f_9777.aspx?fbclid=IwY2xjawRS1HJleHRuA2FlbQIxMABicmlkETFYOHBvVU9CaEcyY3VYRUI2c3J0YwZhcHBfaWQQMjIyMDM5MTc4ODIwMDg5MgABHm415E7q8ER9Eb8xBAZGUjhdWND4xZXYFGkOp4-5GlERn4voYgIbd85ZY3TB_aem_F5MGIdl_12eYBRLzHJ36lA; https://acareerbyagl.talent-soft.com/Pages/Offre/detailoffre.aspx?idOffre=9782&idOrigine=1611&LCID=1036&offerReference=2026-9782&BoardID=2326; https://acareerbyagl.talent-soft.com/offre-de-emploi/emploi-electromecanicien-h-f_8878.aspx?fbclid=IwY2xjawQhB75leHRuA2FlbQIxMABicmlkETFjVjEyR2VtZU8yVGVXS0U3c3J0YwZhcHBfaWQQMjIyMDM5MTc4ODIwMDg5MgABHpjHwazAkIQFGLJ4npralPUi3rwh18Aw4Qb3cn7kljNXX_z662O5Bmt4ppc4_aem_9161y6cBD1Ik0N1w43FDXA; https://acareerbyagl.talent-soft.com/offre-de-emploi/emploi-developpeur-it-powerplatform-h-f_10001.aspx; https://acareerbyagl.talent-soft.com/offre-de-emploi/emploi-staff-controller-h-f_9999.aspx; https://acareerbyagl.talent-soft.com/offre-de-emploi/emploi-responsable-des-interventions-informatiques-h-f_9979.aspx; https://acareerbyagl.talent-soft.com/offre-de-emploi/emploi-electricien-materiel-roulant-automobile-engins-h-f_9925.aspx; https://acareerbyagl.talent-soft.com/offre-de-emploi/emploi-chef-de-projet-travaux-maritimes-et-terrestres-h-f_9924.aspx; https://acareerbyagl.talent-soft.com/offre-de-emploi/emploi-hr-training-assistant-assistant-formation-h-f_9885.aspx; https://acareerbyagl.talent-soft.com/offre-de-emploi/emploi-audit-interne-senior-h-f_9464.aspx; https://acareerbyagl.talent-soft.com/offre-de-emploi/emploi-chef-departement-oil-gas-h-f_9778.aspx; https://acareerbyagl.talent-soft.com/offre-de-emploi/emploi-chef-departement-credit-management-h-f_9777.aspx; https://acareerbyagl.talent-soft.com/offre-de-emploi/emploi-agent-de-poste-controle-surete-h-f_9774.aspx; https://acareerbyagl.talent-soft.com/offre-de-emploi/emploi-hr-business-partner-h-f_9773.aspx; https://acareerbyagl.talent-soft.com/offre-de-emploi/emploi-business-anayst-junior-h-f_9465.aspx; https://acareerbyagl.talent-soft.com/offre-de-emploi/emploi-operateur-dossiers-h-f_8922.aspx; https://acareerbyagl.talent-soft.com/offre-de-emploi/emploi-commercial-h-f_8897.aspx; https://acareerbyagl.talent-soft.com/offre-de-emploi/emploi-electromecanicien-h-f_8878.aspx,"&nbsp;Informations Générales&nbsp; Constitué d’un groupe d’actionnaires camerounais, de Africa Global Logistics, de CMA CGM et de CHEC, le consortium Kribi Conteneurs Terminal est le concessionnaire du terminal à conteneurs du port en eaux profondes de Kribi. KCT offre à la chaîne logistique camerou"
Recrutement AGL Cameroun : Développeur Full Stack,2026-07-03T09:26:24.136000+01:00,,cameroondesks,,,,,,,,https://acareerbyagl.talent-soft.com/offre-de-emploi/emploi-developpeur-full-stack-portail-agent-administrateur-h-f_10051.aspx?fbclid=IwY2xjawS0R59leHRuA2FlbQIxMABicmlkETFPdzNKaXBadDFnOGM1TWNoc3J0YwZhcHBfaWQQMjIyMDM5MTc4ODIwMDg5MgABHgbGQaoG9bC5LbTXRjX4XjuBgV8bkVTNBUg8B28XFAGTim39xa1M0WbQNmRe_aem_m6jWgz8OXIO4kty83jp5kQ,"&nbsp; Vous maîtrisez la conception, le développement et la maintenance de fonctionnalités front-end et back-end ? Vous êtes capable d’intégrer des solutions avec les différentes briques d’un système d’information (API, bus de données, solutions métiers...) ? Cette opportunité est peut-être faite po"
Recrutement ONG International Rescue Committee juillet 2026 : stages et emplois,2026-07-03T09:12:21.340000+01:00,2026-07-06,cameroondesks,,Nord-Ouest,Bamenda,Solides connaissances des systèmes d'exploitation Microsoft (Windows 10/11) et de la suite applicati,,,,https://theirc.wd1.myworkdayjobs.com/en-US/External_Careers/job/Bamenda-Cameroon/Protection-Officer--Maternity-cover-_JR00003982?source=LinkedIn; https://theirc.wd1.myworkdayjobs.com/en-US/External_Careers/details/IT-Intern_JR00004034?locations=21481910a4211002113694c2da580000,"Agent de protection (remplacement congé maternité) Date limite : 6 juillet 2026 Bamenda, Cameroun Aperçu du poste / Résumé Sous la supervision du chef de projet de protection, l' agent de protection est chargé de superviser et de contrôler la mise en œuvre efficace et de haute qualité des interventi"
Offres d'emploi Union Camerounaise de Brasseries (UCB) juillet 2026 - plusieurs profils,2026-07-03T08:55:22.155000+01:00,2026-07-09,cameroondesks,,,,,,,mailto:recrutement@sa-ucb.com,,"&nbsp; UNION CAMEROUNAISE DE BRASSERIES (UCB) RECRUTE | OFFRE D'EMPLOI L’Union Camerounaise de Brasseries (UCB), entreprise majeure du secteur brassicole et filiale du Groupe KADJI, lance un appel à candidatures pour renforcer sa Direction Finance. Basé à Douala, ce poste de Contrôleur de Gestion Ju"
Advance IT Group recrute un(e) Responsable Commercial,2026-07-03T00:00:00+01:00,2026-07-20,jobincamer,"Douala, Yaoundé, Cameroun",Centre,Yaoundé,Milieu de carrière (2+ ans d'expérience),Fixe + commissions attractives sur objectifs,,mailto:recrutement.commercial@advance-it-group.biz,,"Advance IT Group recrute un(e) Responsable Commercial &nbsp; AURORE ERP est une solution de gestion intégrée (ERP) pensée pour les entreprises africaines. Nos modules couvrent la comptabilité SYSCOHADA, la gestion commerciale, les RH, la comptabilité et le CRM mobile — avec un accompagnement local d"
SICOMETALL recrute un(e) Technicien de Suivi de Projets,2026-07-03T00:00:00+01:00,2026-07-15,jobincamer,"Douala, Cameroun",Littoral,Douala,Non spécifié,,,,,"SICOMETALL recrute un(e) Technicien de Suivi de Projets &nbsp; SICOMETALL embauche un(e) Technicien de Suivi de Projets (H/F) Intégrez une jeune pousse audacieuse et devenez un élément central dans les secteurs de la charpente métallique, de la sidérurgie et de la signalisation. (Fonction strictemen"
Human Resource Solutions (HSD) recherche un(e) Assistant Administratif,2026-07-03T00:00:00+01:00,2026-07-05,jobincamer,"Douala, Cameroun",Littoral,Douala,Débutant (moins de 2 ans d'expérience),,,mailto:cameroon.office@hsd-melt.com,https://mhd.hsdmelt.com,"Human Resource Solutions (HSD) recherche un(e) Assistant Administratif &nbsp; Afin d'organiser notre accompagnement sur le terrain au Cameroun, nous cherchons un(e) Assistant(e) Administratif (ve) méticuleux(se) et multitâche. Missions principales Accueil et gestion du standard • Accueil physique: A"
Human Resource Solutions (HSD) recherche un(e) Comptable,2026-07-03T00:00:00+01:00,2026-07-08,jobincamer,"Yaoundé, Cameroun",Centre,Yaoundé,Milieu de carrière (2+ ans d'expérience),,,mailto:cameroon.office@hsd-melt.com,https://mhd.hsdmelt.com,"Human Resource Solutions (HSD) recherche un(e) Comptable &nbsp; La société HSD - Human Resource Solutions Ltd. est une firme spécialisée en accompagnement RH, pointue dans le placement de personnel, l'intérim et l'administration des salaires. Dans le but d'accroître nos opérations au Cameroun, nous "
SCI Express Résidences recrute un(e) Comptable,2026-07-03T00:00:00+01:00,2026-07-05,jobincamer,"Yaoundé, Cameroun",Centre,Yaoundé,Milieu de carrière (2+ ans d'expérience),,,mailto:contact@expressresidences.com,,"SCI Express Résidences recrute un(e) Comptable &nbsp; Afin de consolider notre pôle Financier, nous cherchons un(e) Comptable (H/F) résidant à Yaoundé. Profil recherché: • Diplôme Bac+3 en Comptabilité, Management ou domaine connexe • Deux à cinq années de pratique dans le domaine comptable. Un pass"
Success Consults recherche un(e) Formateur Gestion de la Trésorerie et Reporting Financier,2026-07-03T00:00:00+01:00,2026-07-20,jobincamer,"Douala, Cameroun",Littoral,Douala,Senior (5+ ans d'expérience),,,mailto:successconsults2035@gmail.com,,Success Consults recherche un(e) Formateur Gestion de la Trésorerie et Reporting Financier &nbsp; La firme Success Consults cherche un Formateur Expert en Finances pour dispenser un cours portant sur la « Gestion de la trésorerie et reporting financier » destiné au personnel d'une société située à D
Mutualis Group recherche un(e) Executive Assistant,2026-07-03T00:00:00+01:00,2026-07-07,jobincamer,"Douala, Cameroun",Littoral,Douala,Milieu de carrière (2+ ans d'expérience),Fixe additionné de bonus selon les résultats,,mailto:service.rh@mutualisgroup.com,,"Mutualis Group recherche un(e) Executive Assistant &nbsp; Entreprise: Green Commodities (Processus de recrutement piloté par Mutualis Group) A propos de Green Commodities Green Commodities intervient comme un expert passionné du secteur cacaoyer, focalisé sur la création de méthodes écologiques et r"
Recrutement IOM Cameroon juillet 2026,2026-07-02T16:24:00+01:00,,cameroondesks,,,,,,,,https://fa-evlj-saasfaprod1.fa.ocs.oraclecloud.com/hcmUI/CandidateExperience/en/sites/CX_1001/job/21724?lastSelectedFacet=LOCATIONS&selectedLocationsFacet=300000000471571%3B100000023580497,&nbsp;Are you ready for a first professional experience with IOM Cameroon? Finance Officer Responsibilities Provide support to the RMO/SRMO in monitoring and overseeing the financial management for all activities in the CO including the oversight of financial expenditure and accountability. Undertak
Recrutement Digital B Agency : Community Manager (H/F),2026-07-02T15:40:00.841000+01:00,2026-07-03,cameroondesks,,,,,,,mailto:infos@mydigitalb.com,,"REJOINS LA TEAM ! Digital B Agency recherche un COMMUNITY MANAGER Si tu te sens capable d'éblouir le monde... REJOINS LA TEAM Digital B Agency ! OFFRE TEMPORAIRE !!! PROFIL RECHERCHÉ Créatif(ve) &amp; Curieux(se) Vous débordez d’idées et êtes toujours à l’affût des dernières tendances (TikTok, Reels"
Recrutement NFC Bank Cameroun juillet 2026 : Fraud & Investigation Officer (H/F),2026-07-02T12:15:52.026000+01:00,2026-07-03,cameroondesks,,,,"Minimum trois (3) ans d'expérience pertinente en fraude, audit, risques, conformité ou opérations ba",,,mailto:vacancy@nfcbank.com,,"ENGLISH VERSION BELOW NOUS RECRUTONS ! FRAUD &amp; INVESTIGATION OFFICER NFC Bank recherche un(e) professionnel(le) intègre, rigoureux(se) et expérimenté(e) pour rejoindre son équipe d'Audit Interne et renforcer son dispositif de prévention et d'investigation de la fraude. Profil Recherché Diplôme :"
Liste des banques qui recrutent actuellement au Cameroun : juin 2026,2026-07-02T10:01:59.330000+01:00,,cameroondesks,,,,,,,,,"Le marché de l’emploi dans le secteur bancaire au Cameroun reste en pleine dynamique. La transformation digitale des services financiers, l’essor des fintechs et l’évolution des besoins des clients continuent de pousser les banques à renforcer leurs équipes afin de rester compétitives et innovantes."
Recrutement et Offres d'emploi à l'ONG PLAN International : plusieurs profils,2026-07-02T09:55:15.158000+01:00,2026-07-12,cameroondesks,"Mobilité mondiale, flexible",,,,,,,https://jobs.plan-international.org/job/Globally-flexible-Climate-&-Economic-Empowerment-Lead/1408992333/; https://jobs.plan-international.org/job/Globally-flexible-Director-of-External-Communications/1409096433/; https://jobs.plan-international.org/job/Globally-flexible-Head-of-Global-Media-and-Public-Relations/1409130833/; https://jobs.plan-international.org/search/?createNewAlert=false&q=Cameroon&optionsFacetsDD_title=&optionsFacetsDD_facility=,"OFFRES D'EMPLOIS - PLAN International Cameroon, ONG Travaillant dans 54 pays en développement à travers l'Afrique, l'Asie et les Amériques, Plan a pour objectif d'atteindre autant d'enfants que possible, en particulier ceux qui sont exclus ou marginalisés, avec des programmes de haute qualité qui ap"
Offres d'emploi Union Camerounaise de Brasseries (UCB) juin 2026 - plusieurs profils,2026-07-02T09:34:53.179000+01:00,2026-07-09,cameroondesks,,Littoral,Douala,,,,mailto:recrutement@sa-ucb.com,,"UNION CAMEROUNAISE DE BRASSERIES (UCB) RECRUTE | OFFRE D'EMPLOI L’Union Camerounaise de Brasseries (UCB), entreprise majeure du secteur brassicole et filiale du Groupe KADJI, lance un appel à candidatures pour renforcer sa Direction Finance. Basé à Douala, ce poste de Contrôleur de Gestion Junior (M"
Recrutelent EDBASS GROUP by EMY :  plusieurs profils,2026-07-02T09:22:09.791000+01:00,,cameroondesks,,Littoral,Douala,,,,mailto:Edbassgroupsarl@gmail.com,,"Edbass GROUP SARL Dans le cadre du développement de nos activités et du lancement prochain de notre concept Take away premium, Edbass GROUP SARL lance sa première vague de recrutement. Chez African Food, African Grill, &amp; African ICE BY EMY : Mangez comme chez vous. RECRUTEMENT – DOUALA Postes à "
L&#039;ACEP recrute des Collecteurs Mobiles (H/F),2026-07-02T00:00:00+01:00,2026-07-06,jobincamer,"Douala, Yaoundé, Edéa, Sangmelima, Ngaoundéré, Bafoussam, Mbouda, Dschang, Kribi, Bertoua, Cameroun",Adamaoua,Ngaoundéré,Non spécifié,,,mailto:jobs@acep-cameroun.org,http://www.acep-cameroun.org,"L'ACEP recrute des Collecteurs Mobiles (H/F) &nbsp; Qualifications et compétences requises: • Être animé par le sens de l'éthique, la probité et un fort engagement; • Avoir de réelles aptitudes pour la vente et la négociation; • Savoir communiquer avec aisance et persuasion; • Une expérience préalab"
Corebridge X is looking for an AI Specialist,2026-07-02T00:00:00+01:00,2026-07-10,jobincamer,"Yaoundé, Cameroun",Centre,Yaoundé,Non spécifié,,,mailto:margaret.awah@sparingconsultinginc.com,,"Corebridge X is looking for an AI Specialist &nbsp; We are seeking a dynamic and innovative Computer Science and Artificial Intelligence (AI) Specialist to join our expanding team. The successful candidate will be responsible for designing, developing, and implementing intelligent software solutions"
Apave Cameroun recherche des Chefs de Projet,2026-07-02T00:00:00+01:00,2026-07-04,jobincamer,"Douala, Cameroun",Littoral,Douala,Senior (5+ ans d'expérience),,,,https://apply.workable.com/apave-cameroun/,"Apave Cameroun recherche des Chefs de Projet &nbsp; APAVE Cameroun procède au recrutement, pour le compte d'un de ses clients du secteur bancaire, de deux (02) Chefs de Projet Senior (H/F) . Missions principales: La finalité de ce poste est de prendre en charge la réalisation de la maîtrise d'ouvrag"
Apave Cameroun recherche un(e) Chef de département QHSE,2026-07-02T00:00:00+01:00,2026-07-04,jobincamer,"Douala, Cameroun",Littoral,Douala,Senior (5+ ans d'expérience),,,,https://apply.workable.com/apave-cameroun/,"Apave Cameroun recherche un(e) Chef de département QHSE &nbsp; Apave Cameroun procède au recrutement, pour le compte d'un de ses clients, d'un(e) Chef de département QHSE (H/F) . Rapportant directement au Directeur Général et à la tête d'une équipe de 18 collaborateurs, vous êtes le garant de la mis"
Apave Cameroun recherche des Administrateurs Réseaux et Téléphonie,2026-07-02T00:00:00+01:00,2026-07-04,jobincamer,"Douala, Cameroun",Littoral,Douala,Milieu de carrière (2+ ans d'expérience),,,,https://apply.workable.com/apave-cameroun/,"Apave Cameroun recherche des Administrateurs Réseaux et Téléphonie &nbsp; Apave Cameroun au recrutement, pour le compte d'un de ses clients - une institution de premier plan dans le secteur Bancaire - de deux (02) Administrateurs Réseaux et Téléphonie . Placé(e) sous l'autorité hiérarchique du Respo"
Apave Cameroun recherche un(e) Analyste-Développeur Données,2026-07-02T00:00:00+01:00,2026-07-04,jobincamer,"Douala, Cameroun",Littoral,Douala,Milieu de carrière (2+ ans d'expérience),,,,https://apply.workable.com/apave-cameroun/,"Apave Cameroun recherche un(e) Analyste-Développeur Données &nbsp; Apave Cameroun procède au recrutement, pour le compte d'un de ses clients - une institution de premier plan dans le secteur Bancaire - d'un(e) Analyste-Développeur Données . Placé(e) sous l'autorité hiérarchique du Responsable du Dép"
Apave Cameroun recherche un(e) Ingénieur Production,2026-07-02T00:00:00+01:00,2026-07-04,jobincamer,"Douala, Cameroun",Littoral,Douala,Milieu de carrière (2+ ans d'expérience),,,,https://apply.workable.com/apave-cameroun/,"Apave Cameroun recherche un(e) Ingénieur Production &nbsp; APAVE Cameroun procède au recrutement, pour le compte d'un de ses clients - une institution majeure du secteur Bancaire - d'un(e) Ingénieur Production . Sous l'autorité hiérarchique du Responsable du Département Production Informatique, votr"
ST Digitial recrute un(e) Business Analyst,2026-07-02T00:00:00+01:00,2026-07-04,jobincamer,"Bali, Douala, Cameroun",Littoral,Douala,Senior (5+ ans d'expérience),,,,https://st.digital/jobs,"ST Digitial recrute un(e) Business Analyst &nbsp; Dans le cadre actuel de nos activités Datacenter à Douala, et plus précisément sur le site de NKOK, nous sommes à la recherche d'un Business Analyst (H/F) désireux(se) de s'engager dans des enjeux stratégiques et de contribuer durablement à l'évoluti"
Recrutement ONG Greenpeace Africa juillet 2026 : Head of Communications,2026-07-01T11:43:20.652000+01:00,,cameroondesks,,,,,,Télétravail,mailto:rafrica@greenpeace.org,,"Title: Head of Communications Department: Engagement Duration: Fixed Term Contract – 12 months Direct Reports: Comms Team (7 employees) Reporting to: Deputy Engagement Director Location: One of Greenpeace Africa (GPAF) Operational Office (South Africa, Cameroon, Senegal, Kenya, DRC, Mauritius) is pr"
Recrutement Nascent Solutions Cameroun - Chauffeur / Driver,2026-07-01T09:59:57.862000+01:00,2026-07-16,cameroondesks,Garoua,Nord,Garoua,,,,mailto:Cameroon@nascents.org; mailto:cameroon@nascents.org,,"ORGANISATION : Nascent Solutions, Inc. REFERENCE NO : NSI/001/2026 -&nbsp; DRIVER / NSI/001/2026-CHAUFFEUR&nbsp; POSITION : Driver / Chauffeur&nbsp; LOCATION / LIEU : Garoua, Cameroon&nbsp; DEADLINE / DATE LIMITE : Thursday, July 16, 2026, at 5:00 p.m. / Jeudi 16 juillet 2026 à 17h00 Overview &amp; "
Recrutement Activa Cameroun juillet 2026 - Directeur de l'Actuariat Groupe (H/F),2026-07-01T09:15:47.821000+01:00,2026-07-24,cameroondesks,Cameroun (Douala),Littoral,Douala,,,,mailto:recruitment@group-activa.com,,"RECRUTEMENT EXTERNE 01 DIRECTEUR DE L'ACTUARIAT ET DE LA RENTABILITÉ TECHNIQUE GROUPE (H/F) - Douala-Cameroun Date de l'offre : 30 juin 2026 Date limite de candidature : 24/07/2026 à 17H00 Profil de l'entreprise Parmi les Leaders en Afrique sub-saharienne sur le marché de l'assurance, le Groupe Acti"
UCB recrute est ouverte aux Candidatures Spontanées,2026-07-01T00:00:00+01:00,2026-07-05,jobincamer,"Douala, Cameroun",Littoral,Douala,Non spécifié,,,mailto:info@sa-ucb.com,http://www.sa-ucb.com,"UCB recrute est ouverte aux Candidatures Spontanées &nbsp; UCB est une société contemporaine et soucieuse de sa responsabilité sociale, qui a connu une croissance continue depuis sa création en 1972. Cette évolution repose essentiellement sur le potentiel humain de l'organisation, dont les collabora"
UCB recrute un(e) Assistant Achat,2026-07-01T00:00:00+01:00,2026-07-13,jobincamer,"Douala, Cameroun",Littoral,Douala,Milieu de carrière (2+ ans d'expérience),,,mailto:recrutement@sa-ucb.com,https://www.linkedin.com/company/brasserie-ucb/,"UCB recrute un(e) Assistant Achat &nbsp; Direction: Achat. Missions: Générer les bons de maintenance et les requêtes pour achats directs, superviser les sorties de pièces détachées du stock sur instruction de maintenance, et élaborer un état récapitulatif hebdomadaire des opérations réalisées. Activ"
UCB recrute un(e) Process Technician Mecanician,2026-07-01T00:00:00+01:00,2026-07-09,jobincamer,"Douala, Cameroun",Littoral,Douala,Milieu de carrière (2+ ans d'expérience),,,mailto:recrutement@sa-ucb.com,https://www.linkedin.com/company/brasserie-ucb/,"UCB recrute un(e) Process Technician Mecanician &nbsp; Mission: Réaliser la maintenance préventive et examiner les équipements de production afin de réduire au strict minimum les arrêts de fonctionnement. Activités principales: • Procéder au nettoyage, à la remise en état ou au remplacement des pièc"
Corebridge X is looking for an Accountant,2026-07-01T00:00:00+01:00,2026-07-10,jobincamer,"Yaoundé, Cameroun",Centre,Yaoundé,Non spécifié,,,mailto:margaret.awah@sparingconsultinginc.com,,"Corebridge X is looking for an Accountant &nbsp; The Accountant will oversee financial record-keeping, generate financial statements, ensure adherence to accounting regulations, and contribute to the company's financial management. The ideal candidate is methodical, perceptive, and dedicated to upho"
Keda Cameroon Ceramics Ltd recrute des Commeciaux,2026-07-01T00:00:00+01:00,2026-07-05,jobincamer,"Yaoundé, Cameroun",Centre,Yaoundé,Débutant (moins de 2 ans d'expérience),,,mailto:cmhr-recrutement@twyfordtile.com,,Keda Cameroon Ceramics Ltd recrute des Commeciaux &nbsp; Missions principales: • Prospecter activement et accroître le portefeuille clients; • Mettre en avant et promouvoir les offres et prestations de la société; • Réaliser les objectifs de ventes impartis; • Détecter les besoins des clients et éla
Keda Cameroon Ceramics Ltd recrute un(e) Directeur des Relations Extérieures,2026-07-01T00:00:00+01:00,2026-07-05,jobincamer,"Kribi, Ebolowa, Cameroun",Sud,Ebolowa,Non spécifié,,,mailto:cmhr-recrutement@twyfordtile.com,,"Keda Cameroon Ceramics Ltd recrute un(e) Directeur des Relations Extérieures &nbsp; Principales responsabilités: • Cultiver et élargir le portefeuille de relations avec les clients, partenaires, institutions et autorités compétentes; • Assurer la représentation de l'organisation lors des négociation"
Keda Cameroon Ceramics Ltd recrute un(e) Manager Dédouanement,2026-07-01T00:00:00+01:00,2026-07-05,jobincamer,"Douala, Cameroun",Littoral,Douala,Senior (5+ ans d'expérience),,,mailto:cmhr-recrutement@twyfordtile.com,,Keda Cameroon Ceramics Ltd recrute un(e) Manager Dédouanement &nbsp; Missions principales: • Assurer le pilotage et la coordination des opérations de dédouanement à l'import et à l'export; • Veiller au respect des exigences réglementaires en matière de procédures douanières; • Conduire l'intégralité
Keda Cameroon Ceramics Ltd recrute un(e) Superviseur Trésorerie,2026-07-01T00:00:00+01:00,2026-07-05,jobincamer,"Kribi, Cameroun",Sud,Kribi,Senior (5+ ans d'expérience),,,mailto:cmhr-recrutement@twyfordtile.com,,Keda Cameroon Ceramics Ltd recrute un(e) Superviseur Trésorerie &nbsp; Missions principales: • Assurer la gestion des virements internationaux et des échanges interbancaires; • Dynamiser les mouvements de trésorerie et en garantir le contrôle au quotidien; • Veiller à la régularité des opérations fi
Recrutement ICRAFON (CFAO Group) juin 2026 :stages et emplois,2026-06-30T16:16:11.394000+01:00,2026-07-06,cameroondesks,,,,,,,mailto:recrutement_rh@icrafon.com,,Entreprise : ICRAFON (cfao group) OFFRE DE STAGE DE VACANCES INTERNE ET EXTERNE Date de publication prévue : 25/06/2026 Date de fin de publication prévue : 06/07/2026 Type de Contrat : Stage de vacances Titre de l'Offre : Opération « Promo vacances » Juillet - Août 2026 Contexte : Dans le cadre de l
Recrutement ONG Cameroun Juillet 2026 : Profils Recherchés et Offres Disponibles,2026-06-30T16:07:45.670000+01:00,,cameroondesks,Bamenda,Nord-Ouest,Bamenda,,,,,,"Recrutement ONG Cameroun 2025 : Profils Recherchés et Offres Disponibles Vous cherchez un emploi humanitaire ou un stage dans une ONG au Cameroun ? Vous êtes au bon endroit. Chaque année, des dizaines d’ONG recrutent du personnel local pour intervenir sur des projets dans les domaines de la santé, d"
Volunteer Opportunities in Cameroon | Good Neighbors NGO,2026-06-30T15:15:32.714000+01:00,,cameroondesks,Head Office-Yaounde,Centre,Yaoundé,,,,mailto:recruiting.gncmr@gmail.com,,"Number of positions: 01 Under the supervision of Operations Department (OD) Location: Head Office – Yaounde (GNCMR) Duration: 6 months, Starting date As soon as possible About Good Neighbors: Good Neighbors Cameroon (GNCMR) is an international non-governmental organization with its head office in Ya"
Recrutement de 10 Stagiaires à l'ONG CARE Cameroun - Juillet 2026,2026-06-30T14:18:41.596000+01:00,,cameroondesks,in the three district municipalities of the city of Maroua,Extrême-Nord,Maroua,,,,,https://ee-kobo.care.org/x/voXc0KfR,"In Cameroon, since 1978, CARE has been implementing actions around three strategic pillars: gender justice, health, and climate and economic justice. Our actions are part of both emergency and resilience phases, aiming to empower women and youth, strengthen community systems, support decentralizatio"
Offres d'emploi à l'ONG The Norwegian Refugee Council (NRC) juin 2026 - Education PDM,2026-06-30T11:34:10.609000+01:00,,cameroondesks,,Nord-Ouest,Bamenda,,,,,https://ekum.fa.em2.oraclecloud.com/hcmUI/CandidateExperience/en/sites/CX_2019/job/20221?utm_medium=jobshare,"Education PDM Cameroon NWSW What you will do Develop the Education strategy, technical SoPs / guidelines and Macro Log-frames (MLF) inclusive of partnerships, that are aligned with regional and global strategies and priorities, in coordination with the other Core Competency (CC) Specialists/PDMs. Co"
Recrutement La Regionale Bank 2026 : 75 Chargés de Clientèle et Analystes de Crédit,2026-06-30T10:23:36.773000+01:00,2026-07-15,cameroondesks,,,,,,,mailto:recrutements@laregionalebank.com; mailto:customer@laregionalebank.com,,ENGLISH&nbsp; VERSION BELOW LA REGIONALE BANK Devenez immédiatement banquier en sortant de l'école. Désormais c'est possible avec le programme ELITE YOUTH EMPLOYEMENT (EYE) de LA REGIONALE BANK. Il vous suffit d'avoir au moins une MENTION BIEN. En ce moment 75 jeunes hommes et femmes à recruter pour
Recrutement La Vallée de BANA (LVB) juin 2026 : plusieurs postes ouverts,2026-06-30T08:48:31.232000+01:00,2026-07-15,cameroondesks,,Centre,Yaoundé,,,,mailto:recrutement@iccnet.cm,,"OFFRE D'EMPLOI : COORDONNATEUR DES OPÉRATIONS HÔTELIÈRES Homme / Femme PROFIL Formation Bac+4/5 en Management Hôtelier, Tourisme, Sciences de Gestion, Administration des Affaires, Finance ou équivalent. Compétences techniques&nbsp; Maîtrise des outils de pilotage hôtelier (PMS, Revenue Management, t"
AFG Bank Cameroun Recrutement juin 2026 : 5 Postes à Pourvoir,2026-06-30T08:42:33.924000+01:00,2026-07-03,cameroondesks,,Littoral,Douala,"Au moins 5 ans d'expérience commerciale, idéalement acquise dans",,,mailto:rh.recrutement@afgbank.cm,https://afgbank.cm/candidature-spontanee/; https://drive.google.com/file/d/1q5vfAzn_BYFCH9zohgqnpIy1vndWOWuU/view?usp=sharing; https://drive.google.com/file/d/1flwtdKdK4ExNZOCtuy9O4Ls9ZVLX0wCd/view?usp=sharing; https://drive.google.com/file/d/1lcdnvJk5ZsgzohBdKm9d8iw1zWgwgC6T/view?usp=sharing,"Découvrez les opportunités de carrière au sein de la Direction Clientèle Entreprises (DCE) d'AFG Bank Cameroun (AFGBCM). La banque panafricaine lance un grand appel à candidatures pour renforcer ses équipes à Douala avec des contrats à durée indéterminée (CDI). Résumés détaillés, profils recherchés "
Keda Cameroon Ceramics Ltd recrute un(e) Superviseur Fiscal,2026-06-30T00:00:00+01:00,2026-07-04,jobincamer,"Kribi, Cameroun",Sud,Kribi,Milieu de carrière (2+ ans d'expérience),,,mailto:cmhr-recrutement@twyfordtile.com,,Keda Cameroon Ceramics Ltd recrute un(e) Superviseur Fiscal &nbsp; Missions principales: • Garantir les formalités déclaratives et la mise en conformité fiscale de l'organisation; • Assurer le pilotage des opérations fiscales et des formalités douanières; • Évaluer et maîtriser les expositions aux r
Résidence Jardin Tropical recrute un(e) Manager Résidence Tourisme,2026-06-30T00:00:00+01:00,2026-07-04,jobincamer,"Yaoundé, Cameroun",Centre,Yaoundé,Milieu de carrière (2+ ans d'expérience),,,mailto:jardintropical237yao@gmail.com,,Résidence Jardin Tropical recrute un(e) Manager Résidence Tourisme &nbsp; Missions principales: Mettre en ordre la structure sur les aspects administratifs et fiscaux; Élaborer et vendre des prestations; Définir et animer la politique marketing et commerciale; Encadrer l'équipe chargée de l'entretie
L&#039;hôtel La Vallee de Bana recrute un(e) Responsable des Ressources Humaines,2026-06-30T00:00:00+01:00,2026-07-31,jobincamer,"Yaoundé, Cameroun",Centre,Yaoundé,Milieu de carrière (2+ ans d'expérience),,,mailto:recrutement@iccnet.cm,,"L'hôtel La Vallee de Bana recrute un(e) Responsable des Ressources Humaines &nbsp; Profil: Niveau BAC +3 à BAC +5 en gestion des ressources humaines, législation sociale, psychologie organisationnelle ou domaine voisin. Expérience: Minimum 3 ans d'activité dans des fonctions RH, de préférence dans u"
Recrutement CICR Yaoundé Cameroun juin 2026 : Technical Worker,2026-06-29T15:48:15.824000+01:00,,cameroondesks,,,,,,,mailto:yaorecrutementservices@icrc.org,https://forms.office.com/Pages/ResponsePage.aspx?id=NFOKnnxJik2nl3mXz4zHY_15nkI39ahCpe4CHETaAX1UN1U1VklWOVROREZYU0RMRVVET0pDT0lRSS4u,"CICR Organisation impartiale, neutre et indépendante, le Comité International de la Croix-Rouge (CICR) a la mission exclusivement humanitaire de protéger la vie et la dignité des victimes de conflits armés et d'autres situations de violence, et de porter assistance. Le CICR s'efforce également de pr"
Recrutement ONG Médecins Sans Frontières Cameroun juin 2026 : plusieurs profils,2026-06-29T15:33:29.045000+01:00,2026-07-03,cameroondesks,Yaoundé,Centre,Yaoundé,,,,mailto:msfch-cameroon-recruitment@geneva.msf.org,https://drive.google.com/file/d/1pEDCgOGmMZusp9rnjZqUZ7VgM8OB_Qd8/view?usp=sharing,&nbsp; Organisation : Médecins Sans Frontières Suisse (MSF)&nbsp; Type de contrat : Remplacement (Pool de remplaçants) &nbsp;Lieu de travail : Yaoundé&nbsp; Date limite de dépôt des dossiers : Vendredi 3 juillet 2026 à 17h00&nbsp; Avis important : Les candidatures féminines sont fortement encouragée
Recrutement KidAid Cameroun : 06 postes de Bikers Communautaires à pourvoir,2026-06-29T12:20:29.869000+01:00,,cameroondesks,,,,,,,,,"&nbsp; KidAid (Development and Humanitarian Assistance in Cameroon) N/Réf. : KAIDS/CMR/26-02229 APPEL À CANDIDATURE RECRUTEMENT DE SIX (06) BIKERS COMMUNAUTAIRES Contexte Dans le cadre de la mise en œuvre de la phase 3 du projet Pediatric Breakthrough Partnership (PBP), KidAid Cameroon recrute six ("
Recrutements MASSIF au Fonds national de l’emploi (FNE) juin 2026,2026-06-29T11:38:09.508000+01:00,2026-07-11,cameroondesks,,,,2 – 3 ans,,,,,"FONDS NATIONAL DE L'EMPLOI – AGENCE DE FOUDA AVIS DE RECRUTEMENT MASSIF Le Fonds National de l'Emploi (FNE), à travers son Agence de Fouda, publie de nombreuses opportunités d'emploi pour des postes basés à Yaoundé et Douala. 1. Offres d'emploi avec contrats à négocier Les candidatures pour cette pr"
COMMUNIQUÉ IMPORTANT : REJOIGNEZ PROMETAL ACIÉRIE !,2026-06-29T08:50:00+01:00,,cameroondesks,,Littoral,Douala,,,,mailto:recrutement@prometal-cm.com,,COMMUNIQUÉ IMPORTANT : REJOIGNEZ PROMETAL ACIÉRIE ! Vous souhaitez donner un nouvel élan à votre carrière au sein d'une entreprise leader ? PROMETAL ACIÉRIE simplifie ses processus et vous ouvre ses portes. COMMENT POSTULER ? Nous acceptons désormais vos candidatures via deux canaux officiels : Par 
PANZANI CAMEROUN SA juin 2026,2026-06-29T08:45:28.716000+01:00,,cameroondesks,,Littoral,Douala,,,,,https://jobs.cadyst-app.com/?fbclid=IwY2xjawSGK0JleHRuA2FlbQIxMABicmlkETE5TERXN0VWaWVBUmRQNHY4c3J0YwZhcHBfaWQQMjIyMDM5MTc4ODIwMDg5MgABHjIiGFJV-qvJZOYuUsfrLF9FqLqT_9n2XFKFHnURnQKRFRqIzvvOts3haBEd_aem_9-d1btPJc5WnZ_TytSuvcw,"&nbsp; &nbsp;Le Groupe CADYST est un acteur majeur de l’Agro-alimentaire au Cameroun et dans la sous-région, avec en son sein plusieurs filiales. Sa mission est de développer des entreprises audacieuses, compétitives et pérennes en Afrique et bâtir des filières industrielles créatrices de valeur loc"
L&#039;ONG RIDEV recherche un(e) Assistant Administratif et Financier,2026-06-29T00:00:00+01:00,2026-07-13,jobincamer,"Maroua, Cameroun",Extrême-Nord,Maroua,Milieu de carrière (2+ ans d'expérience),,,mailto:recrutementridev@ridev.org; mailto:ridevcam@ridev.org,,"L'ONG RIDEV recherche un(e) Assistant Administratif et Financier &nbsp; Durée du contrat: Un an renouvelable 1- Contexte et justification: Research Institute for Development (RIDEV) est une structure de la société civile engagée dans l'exécution de programmes de développement, particulièrement dans "
SAASA B2E is looking for a Commercial Director (1 000 000 Fcfa),2026-06-29T00:00:00+01:00,2026-07-23,jobincamer,"Douala, Cameroun",Littoral,Douala,Senior (5+ ans d'expérience),"1,000,000 - 1,500,000",,mailto:hr.intern.saasab2e@gmail.com,,"SAASA B2E is looking for a Commercial Director (1 000 000 Fcfa) &nbsp; Industry: FMCG Main objectives: The Commercial Manager translates the Company's overarching strategic directives into actionable field-level sales operations, drives revenue generation, and oversees the sales workforce while guar"
Le groupe Paris Formations recrute des Video Producer &amp; Graphic Designer,2026-06-29T00:00:00+01:00,2026-07-09,jobincamer,"Douala, Cameroun",Littoral,Douala,Non spécifié,,,mailto:jobafrica@parisformations.fr,,"Le groupe Paris Formations recrute des Video Producer &amp; Graphic Designer &nbsp; Réf de l'offre: COM-CDP26 Un établissement d'enseignement supérieur français, présent au Cameroun à travers ses campus délocalisés et reconnu pour son expertise dans les métiers de demain (Informatique, Intelligence "
SAASA B2E is looking for a Commercial supervisor Export (500 000 Fcfa),2026-06-29T00:00:00+01:00,2026-07-23,jobincamer,"Douala, Cameroun",Littoral,Douala,Senior (5+ ans d'expérience),"500,000-700,000 CFA",,mailto:hr.intern.saasab2e@gmail.com,,SAASA B2E is looking for a Commercial supervisor Export &nbsp; (500 000 Fcfa) &nbsp; Industry: FMCG Main objectives: The Export Commercial Supervisor is responsible for executing the export strategy on the ground across one or more designated geographical areas (CEMAC region). He/She manages commerc
Recrutement au Fonds mondial pour la nature (WWF) juin 2026 :  Field Biologist Volunteer,2026-06-26T16:01:46.901000+01:00,2026-07-09,cameroondesks,Île de Dipikar dans le Parc National de Campo Ma’an avec des activités régulières dans les zones de,Sud,Campo,,,,,https://cameroon.panda.org/opportunities/,"ENGLISH VERSION BELOW&nbsp; Field Biologist Volunteer Le Fonds Mondial pour la Nature (WWF) Cameroun recrute un (e) Volontaire Biologiste de Terrain pour le Suivi et l’Habituation des Gorilles pour son programme Kudu Zombo Pour le Programme Jengi TNS du bureau du Cameroun, nous recherchons un (e) Vo"
Recrutement Ambassade du Brésil au Cameroun juin 2026 : Poste d'Auxiliaire d'Appui (Cuisine & Service),2026-06-26T11:19:32.384000+01:00,,cameroondesks,,,,,,,mailto:administ.iaunde@itamaraty.gov.br,,"APPEL À CANDIDATURES : Auxiliaire d'Appui L’Ambassadeur du Brésil auprès la République du Cameroun informe que, conformément aux dispositions du décret 1570 du 21 juillet 1995 et à l’arrêté du 12 septembre 1995 du Ministère des Affaires Étrangères du Brésil, est ouvert le processus de sélection d’un"
Recrutement Institut Français du Cameroun juin 2026 : 3 Techniciens,2026-06-26T09:44:58.569000+01:00,2026-07-03,cameroondesks,,,,,"à négocier sur la base d'une facturation de prestation, selon le profil et l'expérience du candidat",,mailto:rh@ifcameroun.com,,"APPEL À CANDIDATURES Gestion du parc informatique de l'Institut français du Cameroun 2 Technicien(ne)s informatiques à Douala 1 Technicien informatique à Yaoundé L'Institut français du Cameroun, présent sur les sites de Yaoundé et de Douala, recrute des technicien(ne)s informatiques indépendant(e)s,"
Recrutements Africa Golden Bank juin 2026 : plusieurs profils,2026-06-26T09:29:47.183000+01:00,,cameroondesks,,,,Minimum 5 ans d'expérience dans le marketing,,,mailto:recrutement.agb@africagoldenbank.com,,OFFRE 1 : CHEF SERVICE MARKETING&nbsp; AFRICA GOLDEN BANK S.A. Supérieur hiérarchique : Chef de Département Marketing &amp; Experience Client Nombre de poste : 01 Type de contrat : CDI Localisation du poste : Département Marketing &amp; Expérience Client (Douala) Mission du poste Il/Elle aura pour m
CADYST Group S.A. recrute un(e) Direction Administratif et Financier,2026-06-26T00:00:00+01:00,2026-07-04,jobincamer,"Douala, Cameroun",Littoral,Douala,Milieu de carrière (2+ ans d'expérience),,,,https://jobs.cadyst-app.com/,"CADYST Group S.A. recrute un(e) Direction Administratif et Financier &nbsp; Le Groupe&nbsp;CADYST &nbsp;est un acteur incontournable du secteur agroalimentaire au Cameroun et dans la sous-région, regroupant plusieurs filiales. Sa vocation est de créer des entreprises ambitieuses, compétitives et dur"
Global Consulting LLC recherche un(e) Chef de Salle,2026-06-26T00:00:00+01:00,2026-07-10,jobincamer,"Douala, Cameroun",Littoral,Douala,Milieu de carrière (2+ ans d'expérience),,,mailto:marienoel25@yahoo.fr,,"Global Consulting LLC recherche un(e) Chef de Salle &nbsp; GLOBAL Consulting LLC , cabinet d'Audit, d'Expertise Comptable et de Conseil, recrute pour le compte de son client un Chef de Salle . Le Chef de Salle est le véritable régulateur de l'établissement. Il organise le service, supervise l'équipe"
Blessing Petroleum recrute des Gestionnaires RH,2026-06-26T00:00:00+01:00,2026-07-10,jobincamer,"Douala, Cameroun",Littoral,Douala,Senior (5+ ans d'expérience),,,mailto:recrutement.rh@blessingpetroleum.net,,"Blessing Petroleum recrute des Gestionnaires RH &nbsp; BLESSING PETROLEUM S.A. est une société de droit camerounais active dans le stockage et la commercialisation des produits pétroliers. Dans le cadre de l'expansion de ses activités, BLESSING PETROLEUM S.A. lance un appel à candidatures pour le re"
Recrutement NSIA Assurances juin 2026 : Stage Assistant Contrôleur Permanent,2026-06-25T16:33:13.861000+01:00,2026-07-06,cameroondesks,,,,,,,mailto:recrutementcm@nsiaassurances.com,https://lnkd.in/dnf7RpDn; https://www.google.com/search?q=https://forms.office.com/r/P01BJWsg99,"&nbsp;Dans le cadre du renforcement de ses équipes, la compagnie NSIA Assurances , entreprise certifiée ISO 9001, lance un appel à candidatures pour le recrutement d'un profil dynamique et qualifié. Si vous êtes à la recherche d'une opportunité d'apprentissage stimulante au sein d'un environnement p"
Recrutement INS Institut National de la Statistique juin 2026 : 142 Cartographes,2026-06-25T11:20:08.878000+01:00,,cameroondesks,,,,,,,,https://candidate.ins-cameroun.cm/; https://drive.google.com/file/d/1WHVg53msFVzLhOqZPf_OKMaAxN3mf3tG/view?usp=sharing,"L' Institut National de la Statistique (INS) du Cameroun lance un important appel à candidatures pour la présélection de 142 agents cartographes . Ce recrutement s'inscrit dans le cadre des travaux préparatoires de la Sixième Enquête Camerounaise Auprès des Ménages (ECAM-6) , spécifiquement pour son"
Recrutement à l'Agence Française de Développement (AFD) juin 2026 - Chargé(e) d'affaire,2026-06-25T08:57:03.632000+01:00,,cameroondesks,,,,,,,,https://afd.csod.com/ux/ats/careersite/5/home/requisition/10534?c=afd&country=cm,"CONTRAT NATIONAL PROPARCO - CHARGE-E D'AFFAIRES JUNIOR FII - H/F Quel sera votre rôle ? Sous la responsabilité du Directeur Régional Proparco Afrique Centrale et en étroite collaboration avec le/la Chargé(e) d'affaires expérimenté(e) Institutions Financières et Inclusion Financière, vous participez "
Recrutement KM International Cameroun juin 2026 : plusieurs postes ouverts,2026-06-24T11:40:39.856000+01:00,2026-07-05,cameroondesks,,,,,,,mailto:charlene.mbock@kmints.com,https://www.kmints.com,"Dans le cadre du développement de ses activités au Cameroun, KM International lance un appel à candidatures pour le recrutement de plusieurs profils à Douala et à Kribi. Poste 1 : 01 Office Assistant (H/F) Lieu d’affectation : Douala, Cameroun Date limite de dépôt : 05 juillet 2026 (adsbygoogle = wi"
Recrutement à l'UNICEF Cameroun juin 2026 : plusieurs postes ouverts,2026-06-24T09:11:30.602000+01:00,,cameroondesks,,,,,,Présentiel,,https://jobs.unicef.org/en-us/job/594021/batch-of-2-positions-construction-officer-no1-ta-137578-137579-bertoua-maroua-cameroon-wcar; https://jobs.unicef.org/en-us/job/593947/construction-specialist-p3-ta-137473-republic-of-cameroon-yaounde-cameroon; https://jobs.unicef.org/en-us/filter/?search-keyword=&location=cameroon,"UNICEF Cameroun recrute pour les besoins de ses services les profils suivants : Batch of 2 positions: Construction Officer, (NO-1), TA #137578, #137579, Bertoua, Maroua - Cameroon, WCAR UNICEF Cameroon is seeking a highly qualified and competent to join its team in Yaounde to work in an exciting con"
Recrutement CADYST Group juin 2026,2026-06-24T08:56:13.862000+01:00,,cameroondesks,,Littoral,Douala,,,,,https://jobs.cadyst-app.com/?fbclid=IwY2xjawSGK0JleHRuA2FlbQIxMABicmlkETE5TERXN0VWaWVBUmRQNHY4c3J0YwZhcHBfaWQQMjIyMDM5MTc4ODIwMDg5MgABHjIiGFJV-qvJZOYuUsfrLF9FqLqT_9n2XFKFHnURnQKRFRqIzvvOts3haBEd_aem_9-d1btPJc5WnZ_TytSuvcw,"Pour les besoins de ses services, la Direction Administratif et Financier de CADYST Farming recherche pour la ville de Douala des candidat(e)s au poste de : Responsable Administratif et Financier (1) Raison d’être du poste : Superviser la gestion financière, comptable et administrative afin d’assure"
MINFOPRA recrute du Personnel d&#039;Active des Douanes,2026-06-24T00:00:00+01:00,2026-07-24,jobincamer,"Tout le Cameroun, Cameroun",,,Non spécifié,,,,http://www.minfopra.gov.cm,"MINFOPRA recrute du Personnel d'Active des Douanes &nbsp; RÉPUBLIQUE DU CAMEROUN Paix – Travail – Patrie ARRÊTÉ N° / / 000060 MINFOPRA DU 0 2026 Portant ouverture d'un concours direct pour le recrutement de cinquante (50) agents dans le corps des fonctionnaires d'Active des Douanes , session 2026. L"
MINFOPRA recrute du Personnel dans les Mines et Géologie,2026-06-24T00:00:00+01:00,2026-07-24,jobincamer,"Tout le Cameroun, Cameroun",,,Non spécifié,,,,http://www.minfopra.gov.cm,"MINFOPRA recrute du Personnel dans les Mines et Géologie &nbsp; RÉPUBLIQUE DU CAMEROUN Paix – Travail – Patrie ARRÊTÉ N° /000064 MINFOPRA DU 0 Portant ouverture d'un concours direct pour le recrutement de trente (30) agents dans le corps des fonctionnaires des Mines et de la Géologie , session 2026."
Recrutement ONG CARE Cameroun juin 2026,2026-06-23T12:35:25.604000+01:00,,cameroondesks,,,,Au moins 3 ans d'expérience professionnelle,,,,https://ee-kobo.care.org/x/rRdQYRxW,&nbsp; &nbsp; AVIS DE RECRUTEMENT N°012.062026/RH/CCMR Poste : Chargé·e Biodiversité et Développement Durable Pôle : Projet Ville Verte Forme contrat : CDD d’un (01) an (période d’essai incluse) Temps de travail : 40 heures par semaine (Temps plein) Rattachement hiérarchique : Gestionnaire de projet
Recrutement TANTY (NTFOODS) Cameroun juin 2026 - Commerciaux à Moto,2026-06-23T09:12:29.326000+01:00,,cameroondesks,,,,,100.000 FCFA de base (+20.000 FCFA à 70.000 FCFA de primes sur les,,,,TANTY ® RECHERCHONS DES COMMERCIAUX (à moto) Mission Principale :&nbsp; Prospecter et vendre les produits de l'entreprise &nbsp; Informations sur le Poste Lieu du poste : Douala et Yaoundé Type de contrat : CDD – 2 ans Salaire : 100.000 FCFA de base (+20.000 FCFA à 70.000 FCFA de primes sur les vent
La DGSN recrute des Conducteurs automobiles,2026-06-23T00:00:00+01:00,2026-07-31,jobincamer,"Tout le Cameroun, Cameroun",,,Non spécifié,,,,http://www.concours-dgsn.cm,La DGSN recrute des Conducteurs automobiles &nbsp; RÉPUBLIQUE DU CAMEROUN PAIX-TRAVAIL-PATRIE ARRÊTÉ N° /DGSN/SDAH/SDROPS/S Portant ouverture d'un concours direct pour le recrutement de 15 Conducteurs Automobile du cycle de formation des Élèves-Gardiens de la Paix au Centre d'Instruction et d'Applic
La DGSN recrute des Eleves-Commissaires de Police,2026-06-23T00:00:00+01:00,2026-07-31,jobincamer,"Tout le Cameroun, Cameroun",,,Non spécifié,,,,http://www.concours-dgsn.cm,"La DGSN recrute des Eleves-Commissaires de Police &nbsp; RÉPUBLIQUE DU CAMEROUN PAIX-TRAVAIL-PATRIE Concours direct pour le recrutement de 45 Élèves-Commissaires de Police en 1ère Année à l'Ecole Nationale Supérieure de Police. LE PRÉSIDENT DE LA RÉPUBLIQUE, Vu la Constitution; Vu le Décret n° 2011/"
La DGSN recrute des Eleves-Inspecteurs de Police,2026-06-23T00:00:00+01:00,2026-07-31,jobincamer,"Tout le Cameroun, Cameroun",,,Non spécifié,,,,http://www.concours-dgsn.cm,La DGSN recrute des Eleves-Inspecteurs de Police &nbsp; RÉPUBLIQUE DU CAMEROUN PAIX - TRAVAIL - PATRIE ARRÊTÉ N° /DGSN/DAH/SDROPS/S Portant ouverture d'un concours spécial pour le recrutement de 100 Eleves-Inspecteurs de Police en 1ère année au Centre d'Instruction et d'Application de la Police de M
La DGSN recrute des Médécins Généralistes,2026-06-23T00:00:00+01:00,2026-07-31,jobincamer,"Tout le Cameroun, Cameroun",,,Non spécifié,,,,http://www.concours-dgsn.cm,La DGSN recrute des Médécins Généralistes &nbsp; RÉPUBLIQUE DU CAMEROUN PAIX-TRAVAIL-PATRIE ARRÊTÉ N° /DGSN/DRH/SDROPS/S Portant ouverture d'un concours direct pour le recrutement de 05 Médecins Généralistes en 2ème Année du cycle de formation des Élèves-Commissaires de Police à l'Ecole Nationale Su
La DGSN recrute des Géomètres Topographes,2026-06-23T00:00:00+01:00,2026-07-31,jobincamer,"Tout le Cameroun, Cameroun",,,Non spécifié,,,,http://www.concours-dgsn.cm,La DGSN recrute des Géomètres Topographes &nbsp; RÉPUBLIQUE DU CAMEROUN PAIX - TRAVAIL - PATRIE ARRÊTÉ N° /DGSN/G/DAH/SDROPS/S Portant ouverture d'un concours direct pour le recrutement de 02 Géomètres Topographes en 1ère Année du cycle de formation des Élèves-Officiers de Police à l'Ecole Nationale
La DGSN recrute des Mecaniciens automobile,2026-06-23T00:00:00+01:00,2026-07-31,jobincamer,"Tout le Cameroun, Cameroun",,,Non spécifié,,,,http://www.concours-dgsn.cm,La DGSN recrute des Mecaniciens automobile &nbsp; RÉPUBLIQUE DU CAMEROUN PAIX-TRAVAIL-PATRIE ARRÊTÉ N° /DGSN/SIDH/SDROPS/S Portant ouverture d'un concours direct pour le recrutement de 05 Mecaniciens automobile en 1ère Année du cycle de formation des Élèves-Inspecteurs Police au Centre d'Instruction
Recrutement DÔVV Distribution SA juin 2026 : Postes de Juristes,2026-06-22T17:01:14.045000+01:00,2026-07-15,cameroondesks,,Centre,Yaoundé,Avoir une expérience significative en cabinet ou au sein d'un,,,,,"&nbsp; Pour les besoins de ses services, la société DÔVV DISTRIBUTION SA lance un appel à candidature pour le recrutement de Juristes. Les postes sont à pourvoir à Yaoundé, et le processus de recrutement est totalement gratuit. Responsabilités principales : Veiller à l'application de la loi auprès d"
Shoes And More Recrutement : Vendeuses à Douala et Yaoundé,2026-06-22T15:55:48.542000+01:00,,cameroondesks,,,,,,,,,"Une belle opportunité s’offre à vous ! La marque Shoes And More vient de lancer une vaste campagne de recrutement pour renforcer ses équipes de vente au Cameroun. Si vous êtes à la recherche d’un emploi passionnant ou d’un nouveau challenge professionnel dans l'univers de la mode, c’est le moment id"
Offres d'emplois à Orange Cameroun juin 2026 : plusieurs postes ouverts,2026-06-22T10:59:44.706000+01:00,,cameroondesks,,,,3 ans minimum dans un domaine similaire,,,,https://orangecameroun.taleo.net/careersection/ex/joblist.ftl#,Orange Cameroun recrute pour des besoins de ses services les profils ci-dessous :&nbsp; Contrôleur Financier Région MISSIONS &amp; ACTIVITES PRINCIPALES Contrôler l’activité de l’agence et préparer les reportings permettant de piloter les activités de l’agence S’assurer que toutes les ventes de la j
"Le MINFOPRA recrute du Personnel ENSEIGNEMENT TECHNIQUE ET PROFESSIONNEL (Sous-système francophone), Corps des fonctionnaires, Session 2026",2026-06-22T00:00:00+01:00,2026-07-14,jobincamer,"Tout le Cameroun, Cameroun",,,Non spécifié,,,,http://www.minfopra.gov.cm,"Le MINFOPRA recrute du Personnel ENSEIGNEMENT TECHNIQUE ET PROFESSIONNEL (Sous-système francophone), Corps des fonctionnaires, Session 2026 &nbsp; RÉPUBLIQUE DU CAMEROUN Paix – Travail – Patrie ARRÊTÉ N° 4-1-0-LLûA2—MINFOPRA DU Portant ouverture d'un concours direct pour le recrutement de cent quatr"
"Le MINFOPRA recrute du Personnels ENSEIGNEMENT SECONDAIRE GÉNÉRAL (Sous-système francophone), Corps des fonctionnaires, Session 2026",2026-06-22T00:00:00+01:00,2026-07-14,jobincamer,"Tout le Cameroun, Cameroun",,,Non spécifié,,,,http://www.minfopra.gov.cm,"Le MINFOPRA recrute du Personnels ENSEIGNEMENT SECONDAIRE GÉNÉRAL (Sous-système francophone), Corps des fonctionnaires, Session 2026 &nbsp; RÉPUBLIQUE DU CAMEROUN Paix – Travail – Patrie ARRÊTÉ N° MINFOPRA DU 0 Portant ouverture d'un concours direct pour le recrutement de trois cent vingt-deux (322)"
"Le MINFOPRA recrute du Personnels ENSEIGNEMENT SECONDAIRE GÉNÉRAL (Sous-système anglophone), Corps des fonctionnaires, Session 2026",2026-06-22T00:00:00+01:00,2026-08-14,jobincamer,"Tout le Cameroun, Cameroun",,,Non spécifié,,,,http://www.minfopra.gov.cm,"Le MINFOPRA recrute du Personnels ENSEIGNEMENT SECONDAIRE GÉNÉRAL (Sous-système anglophone), Corps des fonctionnaires, Session 2026 &nbsp; RÉPUBLIQUE DU CAMEROUN Paix – Travail – Patrie MINFOPRA ARRÊTÉ N° Portant ouverture d'un concours direct pour le recrutement de deux cent quatre-vingt-cinq (285)"
SAASA B2E is looking for an Operational Cashier,2026-06-22T00:00:00+01:00,2026-07-18,jobincamer,"Yaoundé, Cameroun",Centre,Yaoundé,Débutant (moins de 2 ans d'expérience),,,mailto:recruit.cmr@saasab2e.com,,"SAASA B2E is looking for an Operational Cashier &nbsp; Reporting Line: Floor Manager / Network Operations Manager Contract Type: Permanent contract (CDI) – Full-time – 3-month probation period, renewable once Schedule: 12-hour cycles, 2 days worked / 2 days off (alternating day shifts 6am–6pm or nig"
SAASA B2E recherche un(e) Accomodation Manager,2026-06-22T00:00:00+01:00,2026-07-18,jobincamer,"Kiabukwa Site, DRC (RDCongo), Cameroun",,,Milieu de carrière (2+ ans d'expérience),,Télétravail,mailto:recruit.cmr@saasab2e.com,,"SAASA B2E recherche un(e) Accomodation Manager &nbsp; Reports To: Site Manager The Accommodation Manager is responsible for the day-to-day management of the living quarters at the Kiabukwa site. This role ensures that all accommodations remain clean, safe, and properly equipped to provide a high sta"
SAASA B2E recherche un(e) Comptable Fiscaliste Junior,2026-06-22T00:00:00+01:00,2026-07-19,jobincamer,"Douala, Cameroun",Littoral,Douala,Milieu de carrière (2+ ans d'expérience),"150 000 – 200 000 FCFA, selon l'expérience et les compétences",,mailto:recruit.cmr@saasab2e.com,,"SAASA B2E recherche un(e) Comptable Fiscaliste Junior &nbsp; Objectif du poste Le Comptable Fiscaliste Junior occupe une place centrale au sein de l'équipe financière, étant principalement responsable des opérations fiscales et comptables courantes de la société. Placé sous l'autorité du Responsable"
SAASA B2E recherche un(e) Agent Logistique Junior,2026-06-22T00:00:00+01:00,2026-07-19,jobincamer,"Douala, Cameroun",Littoral,Douala,Milieu de carrière (2+ ans d'expérience),"150 000 – 200 000 FCFA, selon l'expérience et les compétences",,mailto:recruit.cmr@saasab2e.com,,"SAASA B2E recherche un(e) Agent Logistique Junior &nbsp; Objectif du poste L' Agent Logistique Junior est chargé de mener à bien les opérations courantes de logistique, de stockage et de distribution. Placé sous l'autorité du Responsable Logistique, il assure la réception, le stockage et l'expéditio"
Offre d'emploi : Le CGA NDP recrute un(e) Assistant(e) Commercial(e) à Yaoundé,2026-06-20T13:38:00+01:00,,cameroondesks,,Centre,Yaoundé,,,,mailto:contact.cgndp@gmail.com,,"OPPORTUNITÉ DE CARRIÈRE ! Le CGA NDP – Centre de Gestion Agréé MINFI renforce son équipe ! Dans le cadre de son développement, le CGA NDP recrute un(e) : ASSISTANT(E) COMMERCIAL(E) — Yaoundé Vous êtes dynamique , organisé(e) , doté(e) d'un excellent sens relationnel et passionné(e) par le développem"
"Opportunité de Stage : CGA NDP Recrute des Étudiants en Comptabilité, Finance et Commerce",2026-06-19T10:44:00+01:00,2026-07-15,cameroondesks,,,,,,,mailto:contact.cgndp@gmail.com,,"&nbsp; Vous êtes étudiant en comptabilité, finance, gestion ou commerce ? Vous rêvez d'acquérir une vraie expérience professionnelle dans votre domaine ? Le Centre de Gestion Agréé Nouvelle Dynamique pour le Progrès (CGA NDP) vous propose une opportunité de stage académique et professionnel qui pour"
Bourse de l'Emploi FNE juin 2026 : des centaines de postes à pourvoir,2026-06-18T09:11:16.244000+01:00,,cameroondesks,,,,,,,,https://drive.google.com/file/d/1mFOcpL3Orvq6F9SpaGOfenWo4rRqX5kk/view?usp=sharing,"Le Fonds National de l'Emploi (FNE) organise la 17ème et 18ème édition de sa Bourse de l'Emploi, qui se tiendra du 16 au 19 juin 2026 au Palais des Congrès à Yaoundé , dans le cadre de PROMOTE 2026. Les offres d’emploi collectées par les agences FNE de Fouda et Mvolyé couvrent une multitude de secte"
Recrutement Activa Assurances au Salon Promote 2026 : Stages et Formations,2026-06-18T08:59:40.851000+01:00,,cameroondesks,,,,,,,,,"Lancer sa carrière dans le secteur des assurances au Cameroun vous intéresse ? Protéger l’avenir, c’est notre cœur de métier chez Activa Assurances. Le salon Promote 2026 est l’opportunité idéale pour vous de rejoindre un groupe panafricain, expérimenté et passionné. Prêt(e) à dynamiser votre parcou"
Recrutement ASCNPD juin 2026 : Appel à Candidatures pour 82 Volontaires au Cameroun,2026-06-17T17:33:37.060000+01:00,,cameroondesks,,,,,,,,https://drive.google.com/file/d/1X2RQYs3wFOUD-VpsJ06nA7St8kBsRQZS/view?usp=sharing,"&nbsp;L'Agence du Service Civique National de Participation au Développement (ASCNPD) du Cameroun a officiellement lancé l'appel à candidatures n° 82 1/2026. Initié par le Directeur Général de l'organisme, ce programme s'inscrit dans le cadre des activités budgétaires de l'année 2026. L'objectif est"
Recrutement NSIA Vie Assurances au Salon PROMOTE 2026 : 44 postes à pourvoir,2026-06-17T10:43:57.071000+01:00,,cameroondesks,,Centre,Yaoundé,,,,,,OFFRE EXCLUSIVE – PROMOTE 2026 Entreprise : NSIA Vie Assurances (Certifiée ISO 9001) NSIA Vie Assurances informe le public qu'elle recrute actuellement pour renforcer ses équipes au Cameroun. Rejoignez une structure dynamique qui protège au quotidien des milliers de familles camerounaises. Postes Ou
Recrutement SPAR Cameroun 2026 : 09 Postes à Pourvoir,2026-06-17T09:29:19.645000+01:00,,cameroondesks,"SPAR Bonanjo (Atrium Mall), Douala",Littoral,Douala,Minimum 1 an d'expérience à un poste similaire,,,mailto:hr@sparcameroon.com,,"La grande famille SPAR Cameroun renforce ses équipes dans la ville de Douala ! Pour le compte de son agence située au SPAR Bonanjo (Atrium Mall), l'enseigne de grande distribution lance un appel à candidatures pour le recrutement de profils dynamiques, professionnels et prêts à évoluer dans un envir"
Recrutement MTN Cameroon : Head of Regulatory,2026-06-16T16:28:08.294000+01:00,,cameroondesks,,,,,,,,https://ehle.fa.em2.oraclecloud.com/hcmUI/CandidateExperience/en/sites/CX_1/job/7440,"Head of Regulatory - Legal and Corporate Affairs.Regulatory, Legal and Stakeholder Management Job Description This role is crucial for ensuring MMC is seen as a responsible investor and corporate citizen, capable of pursuing its business objectives without impediment. The role will also liaise with "
Recrutement Royal Knowledge 2026-2027 : Enseignants et Personnel d'Appui,2026-06-16T13:12:54.581000+01:00,2026-07-31,cameroondesks,Dépôt physique au secrétariat de l'établissement à Yaoundé (Tsinga,Centre,Yaoundé,,,,,https://drive.google.com/file/d/1vNAfDp1t5tPFAq5955L2oDnRmdWH_YNb/view?usp=sharing,"Le Complexe Scolaire Bilingue ROYAL KNOWLEDGE lance un appel à candidatures pour divers postes basés à Yaoundé (Tsinga Village) Postes ouverts : Personnel Enseignant : Enseignants pour les sections francophone et anglophone de la maternelle et du primaire, ainsi que des maîtres spécialisés pour les "
Recrutement Centre Pasteur du Cameroun (CPC) juin 2026 : 02 Postes à Pourvoir,2026-06-16T11:14:14.542000+01:00,,cameroondesks,"Centre Pasteur du Cameroun (CPC), Yaoundé",Centre,Yaoundé,Expérience confirmée dans la conduite d’enquêtes de terrain (données cliniques et sociales) et la ge,,,,https://pasteur-yaounde.org/jobs/recrutement-dun-charge-de-projet-categorie-10-a-et-dun-technicien-de-laboratoire-tlam-categorie-9-a?fbclid=IwY2xjawSd-URleHRuA2FlbQIxMABicmlkETFJaHNvTEN5eXB6TExnRjRqc3J0YwZhcHBfaWQQMjIyMDM5MTc4ODIwMDg5MgABHoo18XnC90kn7rcLkb7YK1a3gBcW550IdCZxwTrXNvorW50RdmrvjJwrCx8v_aem_BKwkrZfUiU2GzNnVxVYKqw,"Recrutement d’un Chargé de Projet (catégorie 10/A) et d’un Technicien de Laboratoire (TLAM/catégorie 9/A) Le Centre Pasteur du Cameroun (CPC), recrute pour besoin de service, un Chargé de Projet et un technicien d’analyses médicales au service de virologie. Ces personnels travaillerons sous la co-su"
Recrutement institut ISSEA 2026 : des enseignants associés,2026-06-15T11:49:13.854000+01:00,2026-07-10,cameroondesks,,Centre,Yaoundé,,,,,https://issea-cemac.org/storage/app/media/docs/recrutement/2026/associe/Avis%20recrutement%20enseignt%20asso%202026.pdf; https://issea-cemac.org/storage/app/media/docs/recrutement/2026/associe/Mati%C3%A8res%20ouvertes.pdf; https://issea-cemac.org/storage/app/media/docs/recrutement/2026/associe/Formulaire%20candidature.pdf,"L’ Institut Sous-régional de Statistique et d’Économie Appliquée (ISSEA) , une organisation internationale spécialisée de la CEMAC basée à Yaoundé (Cameroun), lance un appel à candidatures pour le recrutement d’ enseignants associés pour l’année académique 2026-2027. Profils recherchés : Titulaires "
Recrutement Athari Financial juin 2026 : 50 Hôtesses de Vente (Sans Diplôme),2026-06-15T08:59:32.068000+01:00,,cameroondesks,,,,,,,mailto:recrutement.atharifinancial@gmail.com,,"ATHARI FINANCIAL COOP CA , fidèle à sa devise ""La confiance, notre engagement"", lance un recrutement massif de 50 Hôtesses de Vente pour soutenir son expansion. Vous êtes dynamique, motivé(e) et vous souhaitez construire un avenir meilleur grâce au secteur de la microfinance ? Rejoignez une institut"
Recrutement Touristique Logistique SA : Conducteurs Moto et Tricycle,2026-06-12T09:22:03.642000+01:00,,cameroondesks,,,,,,,,,"Pour des besoins de ses services, TOURISTIQUE LOGISTIQUE SA lance un recrutement de conducteurs-moto et tricycle professionnels dans les villes de Yaoundé et de Douala. Composition du dossier de candidature : ➤ Une demande d'emploi adressée au Directeur Général de Touristique Logistique SA ; ➤ Un cu"
Recrutement MUPECI juin 2026 : Agent de collecte journalière,2026-06-12T08:54:12.889000+01:00,2026-07-11,cameroondesks,,,,,,,mailto:recrutement@mupeci.cm,,"Poste : Agent de collecte journalière Profil recherché : Vous êtes capable de travailler sur le terrain et vous pouvez conduire une moto. Vous êtes honnête, discipliné(e), dynamique. Lieux de fonction : Douala • Penja • Melong • Loum Yaoundé • Kribi • Bafoussam • Mbouda Bangang • Dschang • Balessing"
Recrutement Lycée Français Dominique Savio juin 2026 : Assistant d'Éducation (F/H),2026-06-11T16:04:45.986000+01:00,,cameroondesks,,Littoral,Douala,,,,,https://talents.aefe.fr/fr/annonce/4441563-assistant-deducation-fh-douala-cameroun-douala,"Nous recrutons un(e) Assistant d'Éducation en contrat de droit local pour la rentrée 2026 à Douala. Plus qu'un CV, nous recherchons une personnalité : d'écoute, de la bienveillance, de la rigueur et un excellent sens du contact avec les adolescents. Votre rôle sera clé dans le quotidien et l'encadre"
La Compagnie Fermière Camerounaise (CFC) vous ouvre ses portes : plusieurs postes ouverts,2026-06-11T15:51:12.372000+01:00,,cameroondesks,,Centre,Yaoundé,,,Présentiel,,,"La Compagnie Fermière Camerounaise (CFC) grandit ! La filiale du Groupe Somdia ouvre deux postes stratégiques sur son site industriel de Mbankomo (Yaoundé) ! CHEF MAGASINIER (H/F) - CDI&nbsp; Mission : Garantir la fluidité, l’optimisation et la traçabilité rigoureuse des flux de stocks (entrées/sort"
Recrutement CFC juin 2026 : Chef Magasinier,2026-06-11T15:46:45.758000+01:00,,cameroondesks,,Centre,Yaoundé,Minimum 2 ans d'expériences dans le management en qualité de,,,mailto:emploiscfc@groupe-somdia.com,,"NOUS RECRUTONS ! CHEF MAGASINIER (H/F) Dans le cadre du développement de nos activités industrielles, nous ouvrons une nouvelle opportunité sur notre site de Mbankomo (Yaoundé). Nous recherchons un(e) Chef Magasinier en CDI. Rattaché(e) au Responsable Production, vous serez le garant de la fluidité,"
Recrutement CFC juin 2026 : Assistant Conducteur Ligne de Production,2026-06-11T15:42:59.475000+01:00,,cameroondesks,Mbankomo - Yaoundé - Cameroun,Centre,Yaoundé,Minimum 5 ans d'expérience en conduite de moulin ou,,,mailto:emploiscfc@groupe-somdia.com,,Intitulé du poste : ASSISTANT CONDUCTEUR LIGNE DE PRODUCTION (H/F) Type de contrat : CDD Rattachement hiérarchique : Rattaché au Conducteur Ligne de Production Localisation : Mbankomo - Yaoundé - Cameroun Pour accompagner notre dynamique de croissance et maintenir nos standards d'excellence industri
Recrutement à la multinationale TotalEnergies - Urgent,2026-06-11T11:54:46.888000+01:00,,cameroondesks,,,,,,,,https://jobs.totalenergies.com/fr_FR/careers/JobDetail/Responsable-juridique/34771?src=LinkedIn,Pays : Cameroun Responsable juridique Contexte et environnement Environnement légal et réglementaire évolutif Difficile accès aux textes juridiques Réduction du risque contentieux Activités Les principales missions de Responsable Juridique: Négociation des contratsParticipation à la négociation des 
Recrutement UN Volunteer Cameroun juin 2026 : 03 Coordinateurs (Volontaires des Nations Unies),2026-06-11T11:53:31.472000+01:00,,cameroondesks,,,,,,,,https://app.unv.org/opportunities/1784888021269624,"Child Friendly Municipalities Coordinator Number of Assignments : 3 Duty stations Buea, Maroua, Yaounde Deadline: 22 June 2026 Mission and objectives L'UNICEF est une agence humanitaire internationale pour les enfants créée par la chart des Nations Unies en 1946. L'organiisation est présente dans pl"
Recrutement Université de Yaoundé 1 juin 2026 : 27 Postes d'Enseignants Permanents,2026-06-11T09:14:08.358000+01:00,,cameroondesks,,,,,,,,https://drive.google.com/file/d/1wBWJ5ojLATuOwMZ7rBYF-wQBMAkPAPVK/view?usp=sharing,"Présentation de l'offre Dans le cadre des remplacements numériques classiques et conformément aux instructions du Ministre d'État, Ministre de l'Enseignement Supérieur , le Recteur de l'Université de Yaoundé I lance un appel à candidature pour le recrutement de vingt-sept (27) enseignants permanents"
SCI Sotradic recrute un(e) Technicien en Froid et Climatisation,2026-06-11T00:00:00+01:00,2026-07-05,jobincamer,"Douala, Cameroun",Littoral,Douala,Milieu de carrière (2+ ans d'expérience),,,mailto:sotradicrh@gmail.com,,"SCI Sotradic recrute un(e) Technicien en Froid et Climatisation &nbsp; Rattaché au service technique de la Direction Générale, le technicien en froid et climatisation est placé sous l'autorité du responsable technique. Il a pour rôle d'intervenir en matière de réparation, d'installation, de mise en "
SCI SOTRADIC recrute un(e) Menusier,2026-06-11T00:00:00+01:00,2026-07-15,jobincamer,"Douala, Cameroun",Littoral,Douala,Milieu de carrière (2+ ans d'expérience),,,mailto:sotradicrh@gmail.com,,SCI SOTRADIC recrute un(e) Menusier &nbsp; Poste: Menusier Monteur de meubles Profil • Être de sexe masculin • Être âgé entre 25 et 35 ans • Être titulaire d'un Brevet de Technicien en menuiserie ou équivalent • Justifier d'une expérience professionnelle d'au moins 2 ans Missions • Réaliser toutes l
Recrutement Media Intelligence Cameroun juin 2026 : Enquêteurs,2026-06-10T12:00:38.980000+01:00,,cameroondesks,,,,,,,,https://docs.google.com/forms/d/1pFGwXiPNfybUmh61LwPFwsb0AmQdHa3q0tlIlfueM6I/viewform?edit_requested=true,"COMMUNIQUÉ DE RECRUTEMENT Cabinet : Media Intelligence Contexte de l'offre Dans le cadre du lancement de l'Étude d'Audience Cross Media Cameroun 2026, l'agence Media Intelligence complète ses équipes de terrain. Le recrutement est désormais officiellement clôturé pour toutes les villes et localités "
Recrutement MTN Cameroon : Engineer - IN and VAS.Technology,2026-06-10T08:25:15.504000+01:00,,cameroondesks,,,,Minimum of 3 years’ experience in Intelligent Network,,,,https://ehle.fa.em2.oraclecloud.com/hcmUI/CandidateExperience/en/sites/CX_1/jobs/preview/6154,"Responsibilities Provide 2nd level maintenance support for all CHARGING SYSTEMS &amp; VAS network elements. This shall include but not limited to all escalations from 1st Line, implementation of platform upgrades and system expansions. Implement project related activities as well as other initiative"
Recrutement SNK Foundation 2026 : Chauffeur de Vehicule Utilitaire  - urgent,2026-06-09T10:01:28.940000+01:00,,cameroondesks,,,,Justifier d'au moins deux (2) annees d'experience en tant que chauffeur professionnel,,,mailto:contact@snk.foundation,,"Dans le cadre du renforcement de son equipe, la SNK Foundation lance un appel a candidatures pour le recrutement d'un Chauffeur de vehicule utilitaire. Profil recherche et Conditions de recrutement Pour postuler a cette offre d'emploi, les candidats doivent remplir les conditions suivantes : Nationa"
Recrutement OK Foods juin 2026 : Secrétaire de Direction,2026-06-09T08:56:19.686000+01:00,,cameroondesks,,,,,,,mailto:a.transit@okfoods-cam.com,,"Vous êtes organisée, rigoureuse et avez le sens du relationnel ? Cette opportunité est faite pour vous ! OK Foods recrute une Secrétaire de Direction pour rejoindre son équipe dynamique et contribuer au bon fonctionnement de ses activités. Fiche de Poste : Secrétaire de Direction Référence du docume"
Recrutement HIHTS 2026 : Enseignants et Personnel Administratif,2026-06-08T17:06:15.732000+01:00,,cameroondesks,,,,,,,mailto:infos@stemuedu.com,,"Le STEM Higher Institute of Health &amp; Technological Sciences (HIHTS) lance un appel à candidatures pour le recrutement de son personnel enseignant et administratif. Rejoignez une institution qui façonne l'avenir par l'innovation, l'excellence et l'impact. Les départements concernés (Teaching Staf"
Recrutement MTN Cameroon : Chief Marketing Officer,2026-06-08T16:48:26.302000+01:00,,cameroondesks,,,,,,,,https://ehle.fa.em2.oraclecloud.com/hcmUI/CandidateExperience/en/sites/CX_1/jobs/preview/7460,"Responsibilities Key Performance Areas Staff Leadership and Management Coach and mentor direct reports to ensure staff motivation is high to achieve high performance areas. Ensure skill transfer for staff development, motivation and business continuity. Guide and direct suppliers and third parties i"
Recrutement MTN Cameroon : Manager - Business Development.Enterprise Business Unit,2026-06-08T16:32:23.539000+01:00,,cameroondesks,,,,Minimum 5 years of experience in B2B sales or business development,,,,https://ehle.fa.em2.oraclecloud.com/hcmUI/CandidateExperience/en/sites/CX_1/jobs/preview/7319,"Manager - Business Development.Enterprise Business Unit Responsibilities Operational Delivery: B2B Revenue Growth &amp; Market Development Drive sustainable revenue growth for MTN Business by developing and commercializing B2B connectivity and converged solutions Identify and develop new enterprise,"
Recrutement U.S. Embassy Yaounde juin 2026,2026-06-08T12:34:17.104000+01:00,,cameroondesks,,,,,,,,https://erajobs.state.gov/dos-era/vacancysearch/searchVacancies.hms?_ref=ugvzdffnpt0,L'Ambassade des Etats-Unis au Cameroun recherche des candidats éligibles et qualifiés pour des postes ouverts. The U.S. Embassy in Cameroon is seeking eligible and qualified candidates for open positions. Spécialiste de la coordination des ressources Spécialiste de la mobilisation du public (EOL) Ad
Recrutement Banque Mondiale juin 2026 : Junior Service Delivery Analyst,2026-06-08T10:47:42.242000+01:00,,cameroondesks,,,,,,Télétravail,,https://worldbankgroup.csod.com/ux/ats/careersite/1/home/requisition/36878?c=worldbankgroup&source=LinkedIn,World Bank POSITION : E T Temporary (Junior Service Delivery Analyst) Closing Date: 6/12/2026 (MM/DD/YYYY) at 11:59pm UTC Description Do you want to build a career that is truly worthwhile? Working at the World Bank Group provides a unique opportunity for you to help our clients solve their greatest
Recrutement PNUD juin 2026 : Chauffeur,2026-06-08T09:04:39.773000+01:00,,cameroondesks,,,,Un minimum de 2 ans d'expérience professionnelle pertinente (avec un,,,,,"POSTE / CONDUCTEUR Postuler avant / 11/06/2026, 05:59 Agence : PNUD Fonctions et responsabilités Sous la supervision directe du coordonnateur régional PPRD SW, le chauffeur contribuera à : Fourniture de services de&nbsp;conduite fiables et sécurisés Utilisation correcte du véhicule Entretien quotidi"
SOREPCO S.A. est ouvert aux Candidatures Spontanées,2026-06-08T00:00:00+01:00,2026-08-31,jobincamer,"Douala, Cameroun",Littoral,Douala,Milieu de carrière (2+ ans d'expérience),,,,https://recrutement.sorepco-sa.com/jobs/detail/candidature-spontanee-1409,"SOREPCO S.A. est ouvert aux Candidatures Spontanées &nbsp; Nous recherchons régulièrement des talents motivés, créatifs et impliqués pour venir étoffer nos équipes dans différents secteurs d'activité. Même si aucune annonce ne correspond actuellement à votre profil, nous vous encourageons à nous adr"
Financial House Recrutement juin 2026 : plusieurs postes ouverts,2026-06-06T20:41:19.683000+01:00,,cameroondesks,,,,,,,mailto:rh@financialhouse.cm,,"FINANCIAL HOUSE S.A recrute : Poste : Gestionnaire de crédit Statut : plein temps, CDD d'un an renouvelé une (01) fois suivi d'un CDI Lieu d'embauche : Agences de Yaoundé et Douala Missions et activités du poste : Travaillant sous la responsabilité directe du Chef Service Crédit et Recouvrement, le "
Recrutement des commerciaux à Yaoundé,2026-06-06T20:40:55.740000+01:00,,cameroondesks,,Centre,Yaoundé,,,,mailto:optiqueplus@yahoo.fr,,Un cabinet optique basé à Yaoundé recherche pour besoin de ses services des commerciaux. Missions et tâches : Ils auront pour missions principales : De mettre en application la politique commerciale définie par la Direction ; D’assurer et entreprendre la négociation de nouveaux agréments ; De mener 
Recrutement CENC juin 2026 : Responsable des Ressources Humaines,2026-06-04T14:18:15.744000+01:00,,cameroondesks,"Yaoundé - Mvolyé, Cameroun",Centre,Yaoundé,Justifier d'au moins trois (03) ans d'expérience pratique en,,,mailto:recruitment@necc-cenc.org,https://drive.google.com/file/d/1JUiix92gqhg6YYbWuxN2V3RB48HAob-A/view?usp=sharing; https://drive.google.com/file/d/1NfBq0Wa68im4Vf1jIO5ty3rRZYdkqV9n/view?usp=sharing,"La Conférence Épiscopale Nationale du Cameroun recrute un Responsable des Ressources Humaines (Yaoundé ) Intitulé du poste : Human Resources Officer / Responsable des Ressources Humaines. Lieu d'affectation : Yaoundé - Mvolyé, Cameroun. Nombre de poste : 01. Superviseur : Secrétaire Général. Date de"
Recrutement GRAPHIC INDUSTRIE juin 2026 : plusieurs postes ouverts,2026-06-04T12:25:47.460000+01:00,,cameroondesks,AKWA-DOUALA,Littoral,Douala,"De formation commerciale (Bac+3 à Bac+5), vous",,,mailto:comptagraphic542@gmail.com; mailto:Comptagraphic542@gmail.com,,"POSTE: COMMERCIALE OU CHARGEE DE CLIENTELE Lieu: AKWA-DOUALA GRAPHIC INDUSTRIE est une structure dynamique spécialisée dans l'imprimerie. Nous plaçons l'humain et la satisfaction client au cœur de notre stratégie de croissance. Vos missions principales Rattaché(e) à la Direction Générale, votre obje"
